<?xml version="1.0" encoding="UTF-8"?>
<!--
  =============================
  智邦生活馆 - 轻松架站 RSS 2.0
  =============================
  产生器资讯
  应用程式: Foresight v0.3.2 RSS 2.0 Generator
  更新日期: Mar 27 16:41 CST 2007
-->
<rss version="2.0">
  <channel>
    <!-- 公司名称 -->
    <title>安心国际殡葬礼仪有限公司</title>
    <!-- 公司黄页网站 -->
    <link>https://www.ansin999.com/</link>
    <!-- 公司简介 -->
    <description>本公司成立至今多次荣获政府评鉴殡葬礼仪服务绩优业者。全体同仁秉持［专业、诚信、尊严］的服务理念，用心珍惜每次托付，配合各宗教礼俗与客户需求，全程认真完善规划与圆满后续关怀，尽心尽力做到最好，这也是我们最引以为傲。安心此后更以［将心比心，只为您安心］的精神为您服务。服务项目：土葬／火葬／树葬／海葬／棺木／骨罐／骨坛／塔位／墓地／捡骨／法事／礼车／灵车／花篮／寿衣／殡葬用品／佛事规划／生前契约规划谘询／灵堂奠礼会场布置／灵骨归乡返回大陆</description>
    <!-- 文件语言 -->
    <language>cn</language>
    <!-- 版权说明 -->
    <copyright>智邦生活馆 版权所有</copyright>
    <!-- 管理工具 -->
    <managingEditor>Foresight v0.3.2 RSS 2.0 Generator</managingEditor>
    <!-- 管理者 -->
    <webMaster>智邦生活馆 网站代管</webMaster>
    <!-- 出版日期 -->
    <pubDate>Thu, 15 Dec 2022 10:56:12 CST</pubDate>
    <!-- 最后制造日期 -->
    <lastBuildDate>Thu, 15 Dec 2022 10:56:12 CST</lastBuildDate>
    <!-- 产生器 -->
    <generator>智邦生活馆 版权所有</generator>
    <!-- 存活时间, 这个频道会被快取几分钟 -->
    <ttl>10080</ttl>
	 <!-- 分类列表 -->
		<category id="191525" level="0">寿衣</category>
		<category id="98025" level="0">外场</category>
		<category id="98024" level="0">会场</category>
		<category id="98023" level="0">车辆</category>
		<category id="98022" level="0">祭品</category>
	    <!-- 每一个项目的内容 -->
        <item>
	  <!-- 商品流水号 -->
	  <id>408090</id>
      <!-- 项目标题 -->
	  <title></title>
      <!-- 发布时间 -->
      <pubDate></pubDate>
      <!-- 项目分类 -->
      <category></category>
	  <!-- 项目价钱 -->
      <price></price>
	  <!-- 项目优惠价 -->
      <sprice></sprice>
      <!-- 项目内容 -->
      <description></description>
	  <!-- 项目简介 -->
      <intro></intro>
      <!-- 项目连结 -->
      <link></link>
	  <!-- 自订连结 -->
	  <href></href>
	  <hrefname></hrefname>
      <!-- 唯一识别名称 -->
      <guid></guid>
      <!-- 商品图 -->
          </item>
        <item>
	  <!-- 商品流水号 -->
	  <id></id>
      <!-- 项目标题 -->
	  <title>高级菜碗</title>
      <!-- 发布时间 -->
      <pubDate>Tue, 30 Aug 2016 13:29:23 +0800</pubDate>
      <!-- 项目分类 -->
      <category>祭品</category>
	  <!-- 项目价钱 -->
      <price>NT$ 1500</price>
	  <!-- 项目优惠价 -->
      <sprice>NT$ (Call)</sprice>
      <!-- 项目内容 -->
      <description>用於祭拜逝者与先人祖先。(碗、筷、托盘须归还)</description>
	  <!-- 项目简介 -->
      <intro></intro>
      <!-- 项目连结 -->
      <link>https://www.ansin999.com/product_408076-cn.html</link>
	  <!-- 自订连结 -->
	  <href></href>
	  <hrefname>相关连结</hrefname>
      <!-- 唯一识别名称 -->
      <guid>https://www.ansin999.com/product_408076-cn.html</guid>
      <!-- 商品图 -->
      <enclosure url="https://www.ansin999.com/images/product_408076.jpg" length="9010" type="image/jpeg"/>    </item>
        <item>
	  <!-- 商品流水号 -->
	  <id></id>
      <!-- 项目标题 -->
	  <title>外场圆顶棚架</title>
      <!-- 发布时间 -->
      <pubDate>Tue, 06 Aug 2013 18:25:03 +0800</pubDate>
      <!-- 项目分类 -->
      <category>外场</category>
	  <!-- 项目价钱 -->
      <price>NT$ (Call)</price>
	  <!-- 项目优惠价 -->
      <sprice>NT$ (Call)</sprice>
      <!-- 项目内容 -->
      <description>依宽度分12尺、15尺、18尺、20尺、24尺、30尺(长度固定10尺长)</description>
	  <!-- 项目简介 -->
      <intro></intro>
      <!-- 项目连结 -->
      <link>https://www.ansin999.com/product_408093-cn.html</link>
	  <!-- 自订连结 -->
	  <href></href>
	  <hrefname>相关连结</hrefname>
      <!-- 唯一识别名称 -->
      <guid>https://www.ansin999.com/product_408093-cn.html</guid>
      <!-- 商品图 -->
      <enclosure url="https://www.ansin999.com/images/product_408093.jpg" length="7302" type="image/jpeg"/>    </item>
        <item>
	  <!-- 商品流水号 -->
	  <id></id>
      <!-- 项目标题 -->
	  <title>兰花净水台</title>
      <!-- 发布时间 -->
      <pubDate>Tue, 06 Aug 2013 19:22:25 +0800</pubDate>
      <!-- 项目分类 -->
      <category>会场</category>
	  <!-- 项目价钱 -->
      <price>NT$ (Call)</price>
	  <!-- 项目优惠价 -->
      <sprice>NT$ (Call)</sprice>
      <!-- 项目内容 -->
      <description>净水洗净秽气，让每一位来宾如意吉祥</description>
	  <!-- 项目简介 -->
      <intro></intro>
      <!-- 项目连结 -->
      <link>https://www.ansin999.com/product_408112-cn.html</link>
	  <!-- 自订连结 -->
	  <href></href>
	  <hrefname>相关连结</hrefname>
      <!-- 唯一识别名称 -->
      <guid>https://www.ansin999.com/product_408112-cn.html</guid>
      <!-- 商品图 -->
      <enclosure url="https://www.ansin999.com/images/product_408112.jpg" length="7070" type="image/jpeg"/>    </item>
        <item>
	  <!-- 商品流水号 -->
	  <id></id>
      <!-- 项目标题 -->
	  <title>荤三牲</title>
      <!-- 发布时间 -->
      <pubDate>Tue, 30 Aug 2016 15:52:56 +0800</pubDate>
      <!-- 项目分类 -->
      <category>祭品</category>
	  <!-- 项目价钱 -->
      <price>NT$ 1200</price>
	  <!-- 项目优惠价 -->
      <sprice>NT$ (Call)</sprice>
      <!-- 项目内容 -->
      <description>荤三牲:全鸡、全鱼、猪肉。&amp;nbsp;</description>
	  <!-- 项目简介 -->
      <intro></intro>
      <!-- 项目连结 -->
      <link>https://www.ansin999.com/product_839242-cn.html</link>
	  <!-- 自订连结 -->
	  <href></href>
	  <hrefname>相关连结</hrefname>
      <!-- 唯一识别名称 -->
      <guid>https://www.ansin999.com/product_839242-cn.html</guid>
      <!-- 商品图 -->
      <enclosure url="https://www.ansin999.com/images/product_839242.jpg" length="6919" type="image/jpeg"/>    </item>
        <item>
	  <!-- 商品流水号 -->
	  <id></id>
      <!-- 项目标题 -->
	  <title>12菜碗</title>
      <!-- 发布时间 -->
      <pubDate>Tue, 30 Aug 2016 15:51:53 +0800</pubDate>
      <!-- 项目分类 -->
      <category>祭品</category>
	  <!-- 项目价钱 -->
      <price>NT$ 600</price>
	  <!-- 项目优惠价 -->
      <sprice>NT$ (Call)</sprice>
      <!-- 项目内容 -->
      <description>12菜碗:有分荤的跟素的二种</description>
	  <!-- 项目简介 -->
      <intro></intro>
      <!-- 项目连结 -->
      <link>https://www.ansin999.com/product_839249-cn.html</link>
	  <!-- 自订连结 -->
	  <href></href>
	  <hrefname>相关连结</hrefname>
      <!-- 唯一识别名称 -->
      <guid>https://www.ansin999.com/product_839249-cn.html</guid>
      <!-- 商品图 -->
      <enclosure url="https://www.ansin999.com/images/product_839249.jpg" length="10265" type="image/jpeg"/>    </item>
        <item>
	  <!-- 商品流水号 -->
	  <id></id>
      <!-- 项目标题 -->
	  <title>男传统寿衣</title>
      <!-- 发布时间 -->
      <pubDate>Tue, 30 Aug 2016 16:12:10 +0800</pubDate>
      <!-- 项目分类 -->
      <category>寿衣</category>
	  <!-- 项目价钱 -->
      <price>NT$ 6000</price>
	  <!-- 项目优惠价 -->
      <sprice>NT$ (Call)</sprice>
      <!-- 项目内容 -->
      <description>男传统寿衣</description>
	  <!-- 项目简介 -->
      <intro></intro>
      <!-- 项目连结 -->
      <link>https://www.ansin999.com/product_839291-cn.html</link>
	  <!-- 自订连结 -->
	  <href></href>
	  <hrefname>相关连结</hrefname>
      <!-- 唯一识别名称 -->
      <guid>https://www.ansin999.com/product_839291-cn.html</guid>
      <!-- 商品图 -->
      <enclosure url="https://www.ansin999.com/images/product_839291.jpg" length="4751" type="image/jpeg"/>    </item>
        <item>
	  <!-- 商品流水号 -->
	  <id></id>
      <!-- 项目标题 -->
	  <title>女传统寿衣</title>
      <!-- 发布时间 -->
      <pubDate>Tue, 30 Aug 2016 16:10:38 +0800</pubDate>
      <!-- 项目分类 -->
      <category>寿衣</category>
	  <!-- 项目价钱 -->
      <price>NT$ 6000</price>
	  <!-- 项目优惠价 -->
      <sprice>NT$ (Call)</sprice>
      <!-- 项目内容 -->
      <description>女传统寿衣</description>
	  <!-- 项目简介 -->
      <intro></intro>
      <!-- 项目连结 -->
      <link>https://www.ansin999.com/product_839292-cn.html</link>
	  <!-- 自订连结 -->
	  <href></href>
	  <hrefname>相关连结</hrefname>
      <!-- 唯一识别名称 -->
      <guid>https://www.ansin999.com/product_839292-cn.html</guid>
      <!-- 商品图 -->
      <enclosure url="https://www.ansin999.com/images/product_839292.jpg" length="4883" type="image/jpeg"/>    </item>
        <item>
	  <!-- 商品流水号 -->
	  <id></id>
      <!-- 项目标题 -->
	  <title>男西装寿衣</title>
      <!-- 发布时间 -->
      <pubDate>Tue, 30 Aug 2016 16:11:26 +0800</pubDate>
      <!-- 项目分类 -->
      <category>寿衣</category>
	  <!-- 项目价钱 -->
      <price>NT$ 6000</price>
	  <!-- 项目优惠价 -->
      <sprice>NT$ (Call)</sprice>
      <!-- 项目内容 -->
      <description>男西装寿衣</description>
	  <!-- 项目简介 -->
      <intro></intro>
      <!-- 项目连结 -->
      <link>https://www.ansin999.com/product_839293-cn.html</link>
	  <!-- 自订连结 -->
	  <href></href>
	  <hrefname>相关连结</hrefname>
      <!-- 唯一识别名称 -->
      <guid>https://www.ansin999.com/product_839293-cn.html</guid>
      <!-- 商品图 -->
      <enclosure url="https://www.ansin999.com/images/product_839293.jpg" length="4458" type="image/jpeg"/>    </item>
        <item>
	  <!-- 商品流水号 -->
	  <id></id>
      <!-- 项目标题 -->
	  <title>接体车</title>
      <!-- 发布时间 -->
      <pubDate>Tue, 30 Aug 2016 22:24:34 +0800</pubDate>
      <!-- 项目分类 -->
      <category>车辆</category>
	  <!-- 项目价钱 -->
      <price>NT$ 5000</price>
	  <!-- 项目优惠价 -->
      <sprice>NT$ (Call)</sprice>
      <!-- 项目内容 -->
      <description>T5接体车接体(医院)与安置大体(殡仪馆)同一县市单程计之，使用3小时为限，超出每小时800，超出不足一小时会以一小时计之。</description>
	  <!-- 项目简介 -->
      <intro></intro>
      <!-- 项目连结 -->
      <link>https://www.ansin999.com/product_839404-cn.html</link>
	  <!-- 自订连结 -->
	  <href></href>
	  <hrefname>相关连结</hrefname>
      <!-- 唯一识别名称 -->
      <guid>https://www.ansin999.com/product_839404-cn.html</guid>
      <!-- 商品图 -->
      <enclosure url="https://www.ansin999.com/images/product_839404.jpg" length="7236" type="image/jpeg"/>    </item>
        <item>
	  <!-- 商品流水号 -->
	  <id></id>
      <!-- 项目标题 -->
	  <title>箱型灵车</title>
      <!-- 发布时间 -->
      <pubDate>Tue, 30 Aug 2016 22:31:29 +0800</pubDate>
      <!-- 项目分类 -->
      <category>车辆</category>
	  <!-- 项目价钱 -->
      <price>NT$ 6000</price>
	  <!-- 项目优惠价 -->
      <sprice>NT$ (Call)</sprice>
      <!-- 项目内容 -->
      <description>T5箱型灵车(限火化棺木)灵柩上车与火葬场同一县市单程计之，使用3小时为限，超出每小时800，超出不足一小时会以一小时计之。</description>
	  <!-- 项目简介 -->
      <intro></intro>
      <!-- 项目连结 -->
      <link>https://www.ansin999.com/product_839405-cn.html</link>
	  <!-- 自订连结 -->
	  <href></href>
	  <hrefname>相关连结</hrefname>
      <!-- 唯一识别名称 -->
      <guid>https://www.ansin999.com/product_839405-cn.html</guid>
      <!-- 商品图 -->
      <enclosure url="https://www.ansin999.com/images/product_839405.jpg" length="6038" type="image/jpeg"/>    </item>
        <item>
	  <!-- 商品流水号 -->
	  <id></id>
      <!-- 项目标题 -->
	  <title>箱型进塔车</title>
      <!-- 发布时间 -->
      <pubDate>Tue, 30 Aug 2016 22:20:05 +0800</pubDate>
      <!-- 项目分类 -->
      <category>车辆</category>
	  <!-- 项目价钱 -->
      <price>NT$ 5000</price>
	  <!-- 项目优惠价 -->
      <sprice>NT$ (Call)</sprice>
      <!-- 项目内容 -->
      <description>宾士箱型进塔车同一县市，使用3小时为限，超出每小时1000，超出不足一小时会以一小时计之。</description>
	  <!-- 项目简介 -->
      <intro></intro>
      <!-- 项目连结 -->
      <link>https://www.ansin999.com/product_839406-cn.html</link>
	  <!-- 自订连结 -->
	  <href></href>
	  <hrefname>相关连结</hrefname>
      <!-- 唯一识别名称 -->
      <guid>https://www.ansin999.com/product_839406-cn.html</guid>
      <!-- 商品图 -->
      <enclosure url="https://www.ansin999.com/images/product_839406.jpg" length="5974" type="image/jpeg"/>    </item>
        <item>
	  <!-- 商品流水号 -->
	  <id></id>
      <!-- 项目标题 -->
	  <title>西式灵车</title>
      <!-- 发布时间 -->
      <pubDate>Tue, 30 Aug 2016 22:28:00 +0800</pubDate>
      <!-- 项目分类 -->
      <category>车辆</category>
	  <!-- 项目价钱 -->
      <price>NT$ 12000</price>
	  <!-- 项目优惠价 -->
      <sprice>NT$ (Call)</sprice>
      <!-- 项目内容 -->
      <description>西式灵车灵柩上车与火葬场(墓园)同一县市单程计之，使用3小时为限，超出每小时2000，超出不足一小时会以一小时计之。</description>
	  <!-- 项目简介 -->
      <intro></intro>
      <!-- 项目连结 -->
      <link>https://www.ansin999.com/product_839408-cn.html</link>
	  <!-- 自订连结 -->
	  <href></href>
	  <hrefname>相关连结</hrefname>
      <!-- 唯一识别名称 -->
      <guid>https://www.ansin999.com/product_839408-cn.html</guid>
      <!-- 商品图 -->
      <enclosure url="https://www.ansin999.com/images/product_839408.jpg" length="6599" type="image/jpeg"/>    </item>
        <item>
	  <!-- 商品流水号 -->
	  <id></id>
      <!-- 项目标题 -->
	  <title>爬山虎灵车</title>
      <!-- 发布时间 -->
      <pubDate>Tue, 30 Aug 2016 22:29:24 +0800</pubDate>
      <!-- 项目分类 -->
      <category>车辆</category>
	  <!-- 项目价钱 -->
      <price>NT$ 8000</price>
	  <!-- 项目优惠价 -->
      <sprice>NT$ (Call)</sprice>
      <!-- 项目内容 -->
      <description>爬山虎灵车灵柩上车与火葬场(墓园)同一县市单程计之，使用3小时为限，超出每小时1000，超出不足一小时会以一小时计之。</description>
	  <!-- 项目简介 -->
      <intro></intro>
      <!-- 项目连结 -->
      <link>https://www.ansin999.com/product_839410-cn.html</link>
	  <!-- 自订连结 -->
	  <href></href>
	  <hrefname>相关连结</hrefname>
      <!-- 唯一识别名称 -->
      <guid>https://www.ansin999.com/product_839410-cn.html</guid>
      <!-- 商品图 -->
      <enclosure url="https://www.ansin999.com/images/product_839410.jpg" length="7216" type="image/jpeg"/>    </item>
        <item>
	  <!-- 商品流水号 -->
	  <id></id>
      <!-- 项目标题 -->
	  <title>水果篮</title>
      <!-- 发布时间 -->
      <pubDate>Tue, 30 Aug 2016 13:30:10 +0800</pubDate>
      <!-- 项目分类 -->
      <category>祭品</category>
	  <!-- 项目价钱 -->
      <price>NT$ 1500</price>
	  <!-- 项目优惠价 -->
      <sprice>NT$ (Call)</sprice>
      <!-- 项目内容 -->
      <description>可以替代传统牲礼。售价1500元起</description>
	  <!-- 项目简介 -->
      <intro></intro>
      <!-- 项目连结 -->
      <link>https://www.ansin999.com/product_408072-cn.html</link>
	  <!-- 自订连结 -->
	  <href></href>
	  <hrefname>相关连结</hrefname>
      <!-- 唯一识别名称 -->
      <guid>https://www.ansin999.com/product_408072-cn.html</guid>
      <!-- 商品图 -->
      <enclosure url="https://www.ansin999.com/images/product_408072.jpg" length="11458" type="image/jpeg"/>    </item>
        <item>
	  <!-- 商品流水号 -->
	  <id></id>
      <!-- 项目标题 -->
	  <title>简约花台</title>
      <!-- 发布时间 -->
      <pubDate>Tue, 06 Aug 2013 19:20:09 +0800</pubDate>
      <!-- 项目分类 -->
      <category>会场</category>
	  <!-- 项目价钱 -->
      <price>NT$ (Call)</price>
	  <!-- 项目优惠价 -->
      <sprice>NT$ (Call)</sprice>
      <!-- 项目内容 -->
      <description>亲人的陪伴下是最好的送别</description>
	  <!-- 项目简介 -->
      <intro></intro>
      <!-- 项目连结 -->
      <link>https://www.ansin999.com/product_408111-cn.html</link>
	  <!-- 自订连结 -->
	  <href></href>
	  <hrefname>相关连结</hrefname>
      <!-- 唯一识别名称 -->
      <guid>https://www.ansin999.com/product_408111-cn.html</guid>
      <!-- 商品图 -->
      <enclosure url="https://www.ansin999.com/images/product_408111.jpg" length="9728" type="image/jpeg"/>    </item>
        <item>
	  <!-- 商品流水号 -->
	  <id></id>
      <!-- 项目标题 -->
	  <title>简约花台</title>
      <!-- 发布时间 -->
      <pubDate>Tue, 06 Aug 2013 19:18:55 +0800</pubDate>
      <!-- 项目分类 -->
      <category>会场</category>
	  <!-- 项目价钱 -->
      <price>NT$ (Call)</price>
	  <!-- 项目优惠价 -->
      <sprice>NT$ (Call)</sprice>
      <!-- 项目内容 -->
      <description>简约的花台陪伴著小天使</description>
	  <!-- 项目简介 -->
      <intro></intro>
      <!-- 项目连结 -->
      <link>https://www.ansin999.com/product_408110-cn.html</link>
	  <!-- 自订连结 -->
	  <href></href>
	  <hrefname>相关连结</hrefname>
      <!-- 唯一识别名称 -->
      <guid>https://www.ansin999.com/product_408110-cn.html</guid>
      <!-- 商品图 -->
      <enclosure url="https://www.ansin999.com/images/product_408110.jpg" length="6533" type="image/jpeg"/>    </item>
        <item>
	  <!-- 商品流水号 -->
	  <id></id>
      <!-- 项目标题 -->
	  <title>鲜花花台</title>
      <!-- 发布时间 -->
      <pubDate>Tue, 06 Aug 2013 19:09:59 +0800</pubDate>
      <!-- 项目分类 -->
      <category>会场</category>
	  <!-- 项目价钱 -->
      <price>NT$ (Call)</price>
	  <!-- 项目优惠价 -->
      <sprice>NT$ (Call)</sprice>
      <!-- 项目内容 -->
      <description>大图输出的人像如同逝者的身影烙印在我们心中</description>
	  <!-- 项目简介 -->
      <intro></intro>
      <!-- 项目连结 -->
      <link>https://www.ansin999.com/product_408109-cn.html</link>
	  <!-- 自订连结 -->
	  <href></href>
	  <hrefname>相关连结</hrefname>
      <!-- 唯一识别名称 -->
      <guid>https://www.ansin999.com/product_408109-cn.html</guid>
      <!-- 商品图 -->
      <enclosure url="https://www.ansin999.com/images/product_408109.jpg" length="7319" type="image/jpeg"/>    </item>
        <item>
	  <!-- 商品流水号 -->
	  <id></id>
      <!-- 项目标题 -->
	  <title>鲜花花台</title>
      <!-- 发布时间 -->
      <pubDate>Tue, 06 Aug 2013 19:11:14 +0800</pubDate>
      <!-- 项目分类 -->
      <category>会场</category>
	  <!-- 项目价钱 -->
      <price>NT$ (Call)</price>
	  <!-- 项目优惠价 -->
      <sprice>NT$ (Call)</sprice>
      <!-- 项目内容 -->
      <description>百合密满的低调奢华代表逝者的不凡人生</description>
	  <!-- 项目简介 -->
      <intro></intro>
      <!-- 项目连结 -->
      <link>https://www.ansin999.com/product_408107-cn.html</link>
	  <!-- 自订连结 -->
	  <href></href>
	  <hrefname>相关连结</hrefname>
      <!-- 唯一识别名称 -->
      <guid>https://www.ansin999.com/product_408107-cn.html</guid>
      <!-- 商品图 -->
      <enclosure url="https://www.ansin999.com/images/product_408107.jpg" length="10518" type="image/jpeg"/>    </item>
        <item>
	  <!-- 商品流水号 -->
	  <id></id>
      <!-- 项目标题 -->
	  <title>鲜花花台</title>
      <!-- 发布时间 -->
      <pubDate>Tue, 06 Aug 2013 19:06:07 +0800</pubDate>
      <!-- 项目分类 -->
      <category>会场</category>
	  <!-- 项目价钱 -->
      <price>NT$ (Call)</price>
	  <!-- 项目优惠价 -->
      <sprice>NT$ (Call)</sprice>
      <!-- 项目内容 -->
      <description>和风花台</description>
	  <!-- 项目简介 -->
      <intro></intro>
      <!-- 项目连结 -->
      <link>https://www.ansin999.com/product_408106-cn.html</link>
	  <!-- 自订连结 -->
	  <href></href>
	  <hrefname>相关连结</hrefname>
      <!-- 唯一识别名称 -->
      <guid>https://www.ansin999.com/product_408106-cn.html</guid>
      <!-- 商品图 -->
      <enclosure url="https://www.ansin999.com/images/product_408106.jpg" length="8713" type="image/jpeg"/>    </item>
        <item>
	  <!-- 商品流水号 -->
	  <id></id>
      <!-- 项目标题 -->
	  <title>鲜花花台</title>
      <!-- 发布时间 -->
      <pubDate>Tue, 06 Aug 2013 19:11:38 +0800</pubDate>
      <!-- 项目分类 -->
      <category>会场</category>
	  <!-- 项目价钱 -->
      <price>NT$ (Call)</price>
	  <!-- 项目优惠价 -->
      <sprice>NT$ (Call)</sprice>
      <!-- 项目内容 -->
      <description>白色的纯净</description>
	  <!-- 项目简介 -->
      <intro></intro>
      <!-- 项目连结 -->
      <link>https://www.ansin999.com/product_408105-cn.html</link>
	  <!-- 自订连结 -->
	  <href></href>
	  <hrefname>相关连结</hrefname>
      <!-- 唯一识别名称 -->
      <guid>https://www.ansin999.com/product_408105-cn.html</guid>
      <!-- 商品图 -->
      <enclosure url="https://www.ansin999.com/images/product_408105.jpg" length="7387" type="image/jpeg"/>    </item>
        <item>
	  <!-- 商品流水号 -->
	  <id></id>
      <!-- 项目标题 -->
	  <title>鲜花花台</title>
      <!-- 发布时间 -->
      <pubDate>Tue, 06 Aug 2013 18:57:36 +0800</pubDate>
      <!-- 项目分类 -->
      <category>会场</category>
	  <!-- 项目价钱 -->
      <price>NT$ (Call)</price>
	  <!-- 项目优惠价 -->
      <sprice>NT$ (Call)</sprice>
      <!-- 项目内容 -->
      <description>圆满花台</description>
	  <!-- 项目简介 -->
      <intro></intro>
      <!-- 项目连结 -->
      <link>https://www.ansin999.com/product_408103-cn.html</link>
	  <!-- 自订连结 -->
	  <href></href>
	  <hrefname>相关连结</hrefname>
      <!-- 唯一识别名称 -->
      <guid>https://www.ansin999.com/product_408103-cn.html</guid>
      <!-- 商品图 -->
      <enclosure url="https://www.ansin999.com/images/product_408103.jpg" length="7936" type="image/jpeg"/>    </item>
        <item>
	  <!-- 商品流水号 -->
	  <id></id>
      <!-- 项目标题 -->
	  <title>鲜花花台</title>
      <!-- 发布时间 -->
      <pubDate>Tue, 06 Aug 2013 18:55:45 +0800</pubDate>
      <!-- 项目分类 -->
      <category>会场</category>
	  <!-- 项目价钱 -->
      <price>NT$ (Call)</price>
	  <!-- 项目优惠价 -->
      <sprice>NT$ (Call)</sprice>
      <!-- 项目内容 -->
      <description>莲花花台</description>
	  <!-- 项目简介 -->
      <intro></intro>
      <!-- 项目连结 -->
      <link>https://www.ansin999.com/product_408101-cn.html</link>
	  <!-- 自订连结 -->
	  <href></href>
	  <hrefname>相关连结</hrefname>
      <!-- 唯一识别名称 -->
      <guid>https://www.ansin999.com/product_408101-cn.html</guid>
      <!-- 商品图 -->
      <enclosure url="https://www.ansin999.com/images/product_408101.jpg" length="6300" type="image/jpeg"/>    </item>
        <item>
	  <!-- 商品流水号 -->
	  <id></id>
      <!-- 项目标题 -->
	  <title>鲜花花台</title>
      <!-- 发布时间 -->
      <pubDate>Tue, 06 Aug 2013 18:55:58 +0800</pubDate>
      <!-- 项目分类 -->
      <category>会场</category>
	  <!-- 项目价钱 -->
      <price>NT$ (Call)</price>
	  <!-- 项目优惠价 -->
      <sprice>NT$ (Call)</sprice>
      <!-- 项目内容 -->
      <description>乒乓球是亡者的最爱，为逝者做出一场精采的比赛~~</description>
	  <!-- 项目简介 -->
      <intro></intro>
      <!-- 项目连结 -->
      <link>https://www.ansin999.com/product_408100-cn.html</link>
	  <!-- 自订连结 -->
	  <href></href>
	  <hrefname>相关连结</hrefname>
      <!-- 唯一识别名称 -->
      <guid>https://www.ansin999.com/product_408100-cn.html</guid>
      <!-- 商品图 -->
      <enclosure url="https://www.ansin999.com/images/product_408100.jpg" length="8004" type="image/jpeg"/>    </item>
        <item>
	  <!-- 商品流水号 -->
	  <id></id>
      <!-- 项目标题 -->
	  <title>西式教堂</title>
      <!-- 发布时间 -->
      <pubDate>Tue, 06 Aug 2013 18:20:53 +0800</pubDate>
      <!-- 项目分类 -->
      <category>会场</category>
	  <!-- 项目价钱 -->
      <price>NT$ (Call)</price>
	  <!-- 项目优惠价 -->
      <sprice>NT$ (Call)</sprice>
      <!-- 项目内容 -->
      <description>配合教堂规划布置</description>
	  <!-- 项目简介 -->
      <intro></intro>
      <!-- 项目连结 -->
      <link>https://www.ansin999.com/product_408092-cn.html</link>
	  <!-- 自订连结 -->
	  <href></href>
	  <hrefname>相关连结</hrefname>
      <!-- 唯一识别名称 -->
      <guid>https://www.ansin999.com/product_408092-cn.html</guid>
      <!-- 商品图 -->
      <enclosure url="https://www.ansin999.com/images/product_408092.jpg" length="8932" type="image/jpeg"/>    </item>
        <item>
	  <!-- 商品流水号 -->
	  <id></id>
      <!-- 项目标题 -->
	  <title>西式教堂</title>
      <!-- 发布时间 -->
      <pubDate>Tue, 06 Aug 2013 18:19:42 +0800</pubDate>
      <!-- 项目分类 -->
      <category>会场</category>
	  <!-- 项目价钱 -->
      <price>NT$ (Call)</price>
	  <!-- 项目优惠价 -->
      <sprice>NT$ (Call)</sprice>
      <!-- 项目内容 -->
      <description>配合教堂规划布置</description>
	  <!-- 项目简介 -->
      <intro></intro>
      <!-- 项目连结 -->
      <link>https://www.ansin999.com/product_408091-cn.html</link>
	  <!-- 自订连结 -->
	  <href></href>
	  <hrefname>相关连结</hrefname>
      <!-- 唯一识别名称 -->
      <guid>https://www.ansin999.com/product_408091-cn.html</guid>
      <!-- 商品图 -->
      <enclosure url="https://www.ansin999.com/images/product_408091.jpg" length="7546" type="image/jpeg"/>    </item>
        <item>
	  <!-- 商品流水号 -->
	  <id></id>
      <!-- 项目标题 -->
	  <title>西式教堂</title>
      <!-- 发布时间 -->
      <pubDate>Tue, 06 Aug 2013 18:18:35 +0800</pubDate>
      <!-- 项目分类 -->
      <category>会场</category>
	  <!-- 项目价钱 -->
      <price>NT$ (Call)</price>
	  <!-- 项目优惠价 -->
      <sprice>NT$ (Call)</sprice>
      <!-- 项目内容 -->
      <description>配合教堂规划布置</description>
	  <!-- 项目简介 -->
      <intro></intro>
      <!-- 项目连结 -->
      <link>https://www.ansin999.com/product_408090-cn.html</link>
	  <!-- 自订连结 -->
	  <href></href>
	  <hrefname>相关连结</hrefname>
      <!-- 唯一识别名称 -->
      <guid>https://www.ansin999.com/product_408090-cn.html</guid>
      <!-- 商品图 -->
      <enclosure url="https://www.ansin999.com/images/product_408090.jpg" length="9031" type="image/jpeg"/>    </item>
  </channel>
</rss>